{"stats":{"minecraft:mined":{"minecraft:tall_grass":29,"minecraft:grass":7,"minecraft:grass_block":23},"minecraft:used":{"minecraft:dirt":23},"minecraft:killed":{"minecraft:pig":3},"minecraft:picked_up":{"minecraft:wheat_seeds":4,"minecraft:dirt":23,"minecraft:porkchop":5},"minecraft:custom":{"minecraft:jump":55,"minecraft:time_since_rest":2658,"minecraft:leave_game":1,"minecraft:damage_dealt":470,"minecraft:crouch_one_cm":291,"minecraft:sprint_one_cm":13330,"minecraft:play_time":2658,"minecraft:time_since_death":2658,"minecraft:walk_one_cm":12495,"minecraft:sneak_time":71,"minecraft:total_world_time":2658,"minecraft:mob_kills":3,"minecraft:fall_one_cm":1463,"minecraft:fly_one_cm":9077}},"DataVersion":3465}